Model,RMSE,R2,TrainTime,PredTime
LR,13.88429013537201,0.23840122049056345,0.034781455993652344,0.002648591995239258
DT,17.24224692415455,-0.17453672086514915,0.007230281829833984,0.00262451171875
RF,12.740471086258271,0.35871681605963035,0.5953338146209717,0.02760004997253418
GB,11.907505170781636,0.4398292393102947,0.2598378658294678,0.0021185874938964844
SVR,13.066773949002528,0.3254476888234624,0.04209303855895996,0.010298728942871094
KNN,12.75905632491271,0.35684450004284196,0.0043392181396484375,0.002568483352661133
